Time,X,Y,Radian
14.912,0.6300000000000002,4.409999999999997,3.14
14.944,0.7200000000000002,4.409999999999997,0.0
14.976,0.8100000000000002,4.409999999999997,0.0
15.008000000000001,0.9000000000000001,4.409999999999997,0.0
15.040000000000001,0.9900000000000001,4.409999999999997,0.0
15.072000000000001,1.08,4.409999999999997,0.0
15.104000000000001,1.1700000000000002,4.409999999999997,0.0
15.136000000000001,1.2600000000000002,4.409999999999997,0.0
15.168000000000001,1.3500000000000003,4.409999999999997,0.0
15.200000000000001,1.4400000000000004,4.409999999999997,0.0
15.232000000000001,1.5300000000000005,4.409999999999997,0.0
15.264000000000001,1.6200000000000006,4.409999999999997,0.0
15.296000000000001,1.7100000000000006,4.409999999999997,0.0
15.328000000000001,1.8000000000000007,4.409999999999997,0.0
15.36,1.8900000000000008,4.409999999999997,0.0
15.392,1.9800000000000009,4.409999999999997,0.0
15.424,2.0700000000000007,4.409999999999997,0.0
15.456,2.1600000000000006,4.409999999999997,0.0
15.584,2.0700000000000007,4.409999999999997,0.0
15.616,1.9800000000000006,4.409999999999997,3.14
15.648,1.8900000000000006,4.409999999999997,3.14
15.68,1.8000000000000005,4.409999999999997,3.14
15.712,1.7100000000000004,4.409999999999997,3.14
15.744,1.6200000000000003,4.409999999999997,3.14
15.776,1.5300000000000002,4.409999999999997,3.14
15.808,1.4400000000000002,4.409999999999997,3.14
15.84,1.35,4.409999999999997,3.14
15.872,1.26,4.409999999999997,3.14
15.904,1.17,4.409999999999997,3.14
15.936,1.0799999999999998,4.409999999999997,3.14
15.968,0.9899999999999999,4.409999999999997,3.14
16.0,0.8999999999999999,4.409999999999997,3.14
16.032,0.8099999999999999,4.409999999999997,3.14
16.064,0.72,4.409999999999997,3.14
16.096,0.63,4.409999999999997,3.14
16.128,0.54,4.409999999999997,3.14
16.16,0.45000000000000007,4.409999999999997,3.14
16.192,0.3600000000000001,4.409999999999997,3.14
16.224,0.27000000000000013,4.409999999999997,3.14
16.256,0.18000000000000013,4.409999999999997,3.14
16.288,0.09000000000000014,4.409999999999997,3.14
16.32,1.3877787807814457e-16,4.409999999999997,3.14
16.352,-0.08999999999999986,4.409999999999997,3.14
16.384,-0.17999999999999985,4.409999999999997,3.14
16.416,-0.26999999999999985,4.409999999999997,3.14
16.448,-0.3599999999999999,4.409999999999997,3.14
16.48,-0.44999999999999984,4.409999999999997,3.14
16.512,-0.5399999999999998,4.409999999999997,3.14
16.544,-0.6299999999999998,4.409999999999997,3.14
16.576,-0.7199999999999998,4.409999999999997,3.14
16.608,-0.8099999999999997,4.409999999999997,3.14
16.64,-0.8999999999999997,4.409999999999997,3.14
16.672,-0.9899999999999997,4.409999999999997,3.14
16.704,-1.0799999999999996,4.409999999999997,3.14
16.736,-1.0799999999999996,4.319999999999997,3.14
16.768,-1.0799999999999996,4.229999999999997,-1.57
16.8,-1.0799999999999996,4.139999999999997,-1.57
16.832,-1.0799999999999996,4.049999999999997,-1.57
16.864,-1.0799999999999996,3.9599999999999973,-1.57
16.896,-1.0799999999999996,3.8699999999999974,-1.57
16.928,-1.0799999999999996,3.7799999999999976,-1.57
16.96,-1.0799999999999996,3.6899999999999977,-1.57
16.992,-1.0799999999999996,3.599999999999998,-1.57
17.024,-1.0799999999999996,3.509999999999998,-1.57
17.056,-1.0799999999999996,3.419999999999998,-1.57
17.088,-1.0799999999999996,3.3299999999999983,-1.57
17.12,-1.0799999999999996,3.2399999999999984,-1.57
17.152,-1.0799999999999996,3.1499999999999986,-1.57
17.184,-1.0799999999999996,3.0599999999999987,-1.57
17.216,-1.0799999999999996,2.969999999999999,-1.57
17.248,-1.0799999999999996,2.879999999999999,-1.57
17.28,-1.0799999999999996,2.789999999999999,-1.57
17.312,-1.0799999999999996,2.6999999999999993,-1.57
17.344,-1.0799999999999996,2.6099999999999994,-1.57
17.376,-1.0799999999999996,2.5199999999999996,-1.57
17.408,-1.0799999999999996,2.4299999999999997,-1.57
17.44,-1.0799999999999996,2.34,-1.57
17.472,-1.0799999999999996,2.25,-1.57
17.504,-1.0799999999999996,2.16,-1.57
17.536,-1.0799999999999996,2.0700000000000003,-1.57
17.568,-1.0799999999999996,1.9800000000000002,-1.57
17.6,-1.0799999999999996,1.8900000000000001,-1.57
17.632,-1.0799999999999996,1.8,-1.57
17.664,-1.0799999999999996,1.71,-1.57
17.696,-1.0799999999999996,1.6199999999999999,-1.57
17.728,-1.0799999999999996,1.5299999999999998,-1.57
17.76,-1.0799999999999996,1.4399999999999997,-1.57
17.792,-1.0799999999999996,1.3499999999999996,-1.57
17.824,-1.0799999999999996,1.2599999999999996,-1.57
17.856,-1.0799999999999996,1.1699999999999995,-1.57
17.888,-1.0799999999999996,1.0799999999999994,-1.57
17.92,-1.0799999999999996,0.9899999999999994,-1.57
17.952,-1.0799999999999996,0.8999999999999995,-1.57
17.984,-1.0799999999999996,0.8099999999999995,-1.57
18.016000000000002,-1.0799999999999996,0.7199999999999995,-1.57
18.048000000000002,-1.0799999999999996,0.6299999999999996,-1.57
18.080000000000002,-1.0799999999999996,0.7199999999999995,-1.57
18.112000000000002,-1.0799999999999996,0.8099999999999995,1.57
18.144000000000002,-1.0799999999999996,0.8999999999999995,1.57
18.176000000000002,-1.0799999999999996,0.9899999999999994,1.57
18.208000000000002,-1.0799999999999996,1.0799999999999994,1.57
18.240000000000002,-1.0799999999999996,1.1699999999999995,1.57
18.272000000000002,-1.0799999999999996,1.2599999999999996,1.57
18.304000000000002,-1.0799999999999996,1.3499999999999996,1.57
18.336000000000002,-1.0799999999999996,1.4399999999999997,1.57
18.368000000000002,-1.0799999999999996,1.5299999999999998,1.57
18.400000000000002,-1.0799999999999996,1.6199999999999999,1.57
18.432000000000002,-1.0799999999999996,1.71,1.57
18.464,-1.0799999999999996,1.8,1.57
18.496,-1.0799999999999996,1.8900000000000001,1.57
18.528,-1.0799999999999996,1.9800000000000002,1.57
18.56,-1.0799999999999996,2.0700000000000003,1.57
18.592,-1.0799999999999996,2.16,1.57
18.624,-1.0799999999999996,2.25,1.57
18.656,-1.0799999999999996,2.34,1.57
18.688,-1.0799999999999996,2.4299999999999997,1.57
18.72,-1.0799999999999996,2.5199999999999996,1.57
18.752,-1.0799999999999996,2.6099999999999994,1.57
18.784,-1.0799999999999996,2.6999999999999993,1.57
18.816,-1.0799999999999996,2.789999999999999,1.57
18.848,-1.0799999999999996,2.879999999999999,1.57
18.88,-1.0799999999999996,2.969999999999999,1.57
18.912,-1.0799999999999996,3.0599999999999987,1.57
18.944,-1.0799999999999996,3.1499999999999986,1.57
18.976,-1.0799999999999996,3.2399999999999984,1.57
19.008,-1.0799999999999996,3.3299999999999983,1.57
19.04,-1.0799999999999996,3.419999999999998,1.57
19.072,-1.0799999999999996,3.509999999999998,1.57
19.104,-1.0799999999999996,3.599999999999998,1.57
19.136,-1.0799999999999996,3.6899999999999977,1.57
19.168,-1.0799999999999996,3.7799999999999976,1.57
19.2,-1.0799999999999996,3.8699999999999974,1.57
19.232,-1.0799999999999996,3.9599999999999973,1.57
19.264,-1.0799999999999996,4.049999999999997,1.57
19.296,-1.0799999999999996,4.139999999999997,1.57
19.328,-1.0799999999999996,4.229999999999997,1.57
19.36,-1.0799999999999996,4.319999999999997,1.57
19.392,-1.0799999999999996,4.409999999999997,1.57
19.424,-1.0799999999999996,4.4999999999999964,1.57
19.456,-1.0799999999999996,4.589999999999996,1.57
19.488,-1.0799999999999996,4.679999999999996,1.57
19.52,-1.0799999999999996,4.769999999999996,1.57
19.552,-1.0799999999999996,4.859999999999996,1.57
19.584,-1.0799999999999996,4.949999999999996,1.57
19.616,-1.0799999999999996,5.039999999999996,1.57
19.648,-1.0799999999999996,5.1299999999999955,1.57
19.68,-1.0799999999999996,5.219999999999995,1.57
19.712,-1.0799999999999996,5.309999999999995,1.57
19.744,-1.0799999999999996,5.399999999999995,1.57
19.776,-1.0799999999999996,5.489999999999995,1.57
19.808,-1.0799999999999996,5.579999999999995,1.57
19.84,-1.0799999999999996,5.669999999999995,1.57
19.872,-1.0799999999999996,5.7599999999999945,1.57
19.904,-1.0799999999999996,5.849999999999994,1.57
19.936,-1.0799999999999996,5.939999999999994,1.57
19.968,-1.0799999999999996,6.029999999999994,1.57
20.0,-1.0799999999999996,6.119999999999994,1.57
20.032,-1.0799999999999996,6.209999999999994,1.57
20.064,-1.0799999999999996,6.299999999999994,1.57
20.096,-1.0799999999999996,6.3899999999999935,1.57
20.128,-1.0799999999999996,6.479999999999993,1.57
20.16,-1.0799999999999996,6.569999999999993,1.57
20.192,-1.0799999999999996,6.659999999999993,1.57
20.224,-1.0799999999999996,6.749999999999993,1.57
20.256,-1.0799999999999996,6.839999999999993,1.57
20.288,-1.0799999999999996,6.929999999999993,1.57
20.32,-1.0799999999999996,7.0199999999999925,1.57
20.352,-1.0799999999999996,7.109999999999992,1.57
20.384,-1.0799999999999996,7.199999999999992,1.57
20.416,-1.0799999999999996,7.289999999999992,1.57
20.448,-1.0799999999999996,7.379999999999992,1.57
20.48,-1.0799999999999996,7.469999999999992,1.57
20.512,-1.0799999999999996,7.559999999999992,1.57
20.544,-1.0799999999999996,7.6499999999999915,1.57
20.576,-1.0799999999999996,7.739999999999991,1.57
20.608,-1.0799999999999996,7.829999999999991,1.57
20.64,-1.0799999999999996,7.919999999999991,1.57
20.672,-1.0799999999999996,8.009999999999991,1.57
20.704,-1.0799999999999996,8.09999999999999,1.57
20.736,-1.0799999999999996,8.18999999999999,1.57
20.768,-1.0799999999999996,8.27999999999999,1.57
20.8,-1.0799999999999996,8.36999999999999,1.57
20.832,-1.0799999999999996,8.45999999999999,1.57
20.864,-1.0799999999999996,8.54999999999999,1.57
20.896,-1.0799999999999996,8.63999999999999,1.57
20.928,-1.0799999999999996,8.72999999999999,1.57
20.96,-1.0799999999999996,8.81999999999999,1.57
20.992,-1.0799999999999996,8.90999999999999,1.57
21.024,-1.0799999999999996,8.99999999999999,1.57
21.056,-1.0799999999999996,9.08999999999999,1.57
21.088,-1.0799999999999996,9.179999999999989,1.57
21.12,-1.0799999999999996,9.269999999999989,1.57
21.152,-1.0799999999999996,9.359999999999989,1.57
21.184,-1.0799999999999996,9.449999999999989,1.57
21.216,-1.0799999999999996,9.539999999999988,1.57
21.248,-1.0799999999999996,9.629999999999988,1.57
21.28,-1.0799999999999996,9.719999999999988,1.57
21.312,-1.0799999999999996,9.809999999999988,1.57
21.344,-1.0799999999999996,9.899999999999988,1.57
21.376,-1.0799999999999996,9.989999999999988,1.57
21.408,-1.0799999999999996,10.079999999999988,1.57
21.44,-1.0799999999999996,10.169999999999987,1.57
21.472,-1.0799999999999996,10.259999999999987,1.57
21.504,-1.0799999999999996,10.349999999999987,1.57
21.536,-1.0799999999999996,10.439999999999987,1.57
21.568,-1.0799999999999996,10.529999999999987,1.57
21.6,-1.0799999999999996,10.619999999999987,1.57
21.632,-1.0799999999999996,10.709999999999987,1.57
21.664,-1.0799999999999996,10.799999999999986,1.57
21.696,-1.0799999999999996,10.889999999999986,1.57
21.728,-1.0799999999999996,10.979999999999986,1.57
21.76,-1.0799999999999996,11.069999999999986,1.57
21.792,-1.0799999999999996,11.159999999999986,1.57
21.824,-1.0799999999999996,11.249999999999986,1.57
21.856,-1.0799999999999996,11.339999999999986,1.57
21.888,-1.0799999999999996,11.429999999999986,1.57
21.92,-1.0799999999999996,11.519999999999985,1.57
21.952,-1.0799999999999996,11.609999999999985,1.57
21.984,-1.0799999999999996,11.699999999999985,1.57
22.016000000000002,-1.0799999999999996,11.789999999999985,1.57
22.048000000000002,-1.0799999999999996,11.879999999999985,1.57
22.080000000000002,-1.0799999999999996,11.969999999999985,1.57
22.112000000000002,-1.0799999999999996,12.059999999999985,1.57
22.144000000000002,-1.0799999999999996,12.149999999999984,1.57
22.176000000000002,-1.0799999999999996,12.239999999999984,1.57
22.208000000000002,-1.0799999999999996,12.329999999999984,1.57
22.240000000000002,-1.0799999999999996,12.419999999999984,1.57
22.272000000000002,-1.0799999999999996,12.509999999999984,1.57
22.304000000000002,-1.0799999999999996,12.599999999999984,1.57
22.336000000000002,-1.0799999999999996,12.689999999999984,1.57
22.368000000000002,-1.0799999999999996,12.779999999999983,1.57
22.400000000000002,-1.0799999999999996,12.869999999999983,1.57
22.432000000000002,-1.0799999999999996,12.959999999999983,1.57
22.464000000000002,-1.0799999999999996,13.049999999999983,1.57
22.496000000000002,-1.0799999999999996,13.139999999999983,1.57
22.528,-1.0799999999999996,13.229999999999983,1.57
22.56,-1.0799999999999996,13.319999999999983,1.57
22.592,-1.0799999999999996,13.409999999999982,1.57
22.624,-1.0799999999999996,13.499999999999982,1.57
22.656,-1.0799999999999996,13.589999999999982,1.57
22.688,-1.0799999999999996,13.679999999999982,1.57
22.72,-1.0799999999999996,13.769999999999982,1.57
22.752,-1.0799999999999996,13.859999999999982,1.57
22.784,-1.0799999999999996,13.949999999999982,1.57
22.816,-1.0799999999999996,14.039999999999981,1.57
22.848,-1.0799999999999996,14.129999999999981,1.57
22.88,-1.0799999999999996,14.219999999999981,1.57
22.912,-1.0799999999999996,14.309999999999981,1.57
22.944,-1.0799999999999996,14.39999999999998,1.57
22.976,-1.0799999999999996,14.48999999999998,1.57
23.008,-1.0799999999999996,14.57999999999998,1.57
23.04,-1.0799999999999996,14.66999999999998,1.57
23.072,-1.0799999999999996,14.75999999999998,1.57
23.104,-1.0799999999999996,14.84999999999998,1.57
23.136,-1.0799999999999996,14.93999999999998,1.57
23.168,-1.0799999999999996,15.02999999999998,1.57
23.2,-1.0799999999999996,15.11999999999998,1.57
23.232,-1.0799999999999996,15.20999999999998,1.57
23.264,-1.0799999999999996,15.29999999999998,1.57
23.296,-1.0799999999999996,15.38999999999998,1.57
23.328,-1.0799999999999996,15.479999999999979,1.57
23.36,-1.0799999999999996,15.569999999999979,1.57
23.392,-1.0799999999999996,15.659999999999979,1.57
23.424,-1.0799999999999996,15.749999999999979,1.57
23.456,-1.0799999999999996,15.839999999999979,1.57
23.488,-1.0799999999999996,15.929999999999978,1.57
23.52,-1.0799999999999996,16.01999999999998,1.57
23.552,-1.0799999999999996,16.109999999999978,1.57
23.584,-1.0799999999999996,16.199999999999978,1.57
23.616,-1.0799999999999996,16.289999999999978,1.57
23.648,-1.0799999999999996,16.379999999999978,1.57
23.68,-1.0799999999999996,16.469999999999978,1.57
23.712,-1.0799999999999996,16.559999999999977,1.57
23.744,-1.0799999999999996,16.649999999999977,1.57
23.776,-1.0799999999999996,16.739999999999977,1.57
23.808,-1.0799999999999996,16.829999999999977,1.57
23.84,-1.0799999999999996,16.919999999999977,1.57
23.872,-1.0799999999999996,17.009999999999977,1.57
23.904,-1.0799999999999996,17.099999999999977,1.57
23.936,-1.0799999999999996,17.189999999999976,1.57
23.968,-1.0799999999999996,17.279999999999976,1.57
24.0,-1.0799999999999996,17.369999999999976,1.57
24.032,-1.0799999999999996,17.459999999999976,1.57
24.064,-1.0799999999999996,17.549999999999976,1.57
24.096,-1.0799999999999996,17.639999999999976,1.57
24.128,-1.0799999999999996,17.729999999999976,1.57
24.16,-1.0799999999999996,17.819999999999975,1.57
24.192,-1.0799999999999996,17.909999999999975,1.57
24.224,-1.0799999999999996,17.999999999999975,1.57
24.256,-1.0799999999999996,18.089999999999975,1.57
24.288,-1.0799999999999996,18.179999999999975,1.57
24.32,-1.0799999999999996,18.269999999999975,1.57
24.352,-1.0799999999999996,18.359999999999975,1.57
24.384,-1.0799999999999996,18.449999999999974,1.57
24.416,-1.0799999999999996,18.539999999999974,1.57
24.448,-1.0799999999999996,18.629999999999974,1.57
24.48,-1.0799999999999996,18.719999999999974,1.57
24.512,-1.0799999999999996,18.809999999999974,1.57
24.544,-1.0799999999999996,18.899999999999974,1.57
24.576,-1.0799999999999996,18.989999999999974,1.57
24.608,-1.0799999999999996,19.079999999999973,1.57
24.64,-1.0799999999999996,19.169999999999973,1.57
24.672,-1.0799999999999996,19.259999999999973,1.57
24.704,-1.0799999999999996,19.349999999999973,1.57
24.736,-1.0799999999999996,19.439999999999973,1.57
24.768,-1.0799999999999996,19.529999999999973,1.57
24.8,-1.0799999999999996,19.619999999999973,1.57
24.832,-1.0799999999999996,19.709999999999972,1.57
24.864,-1.0799999999999996,19.799999999999972,1.57
24.896,-1.0799999999999996,19.889999999999972,1.57
24.928,-1.0799999999999996,19.979999999999972,1.57
24.96,-1.0799999999999996,20.069999999999972,1.57
24.992,-1.0799999999999996,20.15999999999997,1.57
25.024,-1.0799999999999996,20.24999999999997,1.57
25.056,-1.0799999999999996,20.33999999999997,1.57
25.088,-1.0799999999999996,20.42999999999997,1.57
25.12,-1.0799999999999996,20.51999999999997,1.57
25.152,-1.0799999999999996,20.60999999999997,1.57
25.184,-1.0799999999999996,20.69999999999997,1.57
25.216,-1.0799999999999996,20.78999999999997,1.57
25.248,-1.0799999999999996,20.87999999999997,1.57
25.28,-1.0799999999999996,20.96999999999997,1.57
25.312,-1.0799999999999996,21.05999999999997,1.57
25.344,-1.0799999999999996,21.14999999999997,1.57
25.376,-1.0799999999999996,21.23999999999997,1.57
25.408,-1.0799999999999996,21.32999999999997,1.57
28.032,-1.0799999999999996,21.23999999999997,1.57
28.064,-1.0799999999999996,21.14999999999997,-1.57
28.096,-1.0799999999999996,21.05999999999997,-1.57
28.128,-1.0799999999999996,20.96999999999997,-1.57
28.16,-1.0799999999999996,20.87999999999997,-1.57
28.192,-1.0799999999999996,20.78999999999997,-1.57
28.224,-1.0799999999999996,20.69999999999997,-1.57
28.256,-1.0799999999999996,20.60999999999997,-1.57
28.288,-1.0799999999999996,20.51999999999997,-1.57
28.32,-1.0799999999999996,20.42999999999997,-1.57
28.352,-1.0799999999999996,20.33999999999997,-1.57
28.384,-1.0799999999999996,20.24999999999997,-1.57
28.416,-1.0799999999999996,20.15999999999997,-1.57
28.448,-1.0799999999999996,20.069999999999972,-1.57
28.48,-1.0799999999999996,19.979999999999972,-1.57
28.512,-1.0799999999999996,19.889999999999972,-1.57
28.544,-1.0799999999999996,19.799999999999972,-1.57
28.576,-1.0799999999999996,19.709999999999972,-1.57
28.608,-1.0799999999999996,19.619999999999973,-1.57
28.64,-1.0799999999999996,19.529999999999973,-1.57
28.672,-1.0799999999999996,19.439999999999973,-1.57
28.704,-1.0799999999999996,19.349999999999973,-1.57
28.736,-1.0799999999999996,19.259999999999973,-1.57
28.768,-1.0799999999999996,19.169999999999973,-1.57
28.8,-1.1699999999999997,19.169999999999973,-1.57
28.832,-1.2599999999999998,19.169999999999973,3.14
28.864,-1.3499999999999999,19.169999999999973,3.14
28.896,-1.44,19.169999999999973,3.14
28.928,-1.53,19.169999999999973,3.14
28.96,-1.62,19.169999999999973,3.14
28.992,-1.7100000000000002,19.169999999999973,3.14
29.024,-1.8000000000000003,19.169999999999973,3.14
29.056,-1.8900000000000003,19.169999999999973,3.14
29.088,-1.9800000000000004,19.169999999999973,3.14
29.12,-2.0700000000000003,19.169999999999973,3.14
29.152,-2.16,19.169999999999973,3.14
29.184,-2.25,19.169999999999973,3.14
29.216,-2.34,19.169999999999973,3.14
29.248,-2.4299999999999997,19.169999999999973,3.14
29.28,-2.5199999999999996,19.169999999999973,3.14
29.312,-2.5199999999999996,19.079999999999973,3.14
29.344,-2.5199999999999996,18.989999999999974,-1.57
29.376,-2.5199999999999996,18.899999999999974,-1.57
29.408,-2.5199999999999996,18.809999999999974,-1.57
29.44,-2.5199999999999996,18.719999999999974,-1.57
29.472,-2.4299999999999997,18.719999999999974,-1.57
29.504,-2.34,18.719999999999974,0.0
29.536,-2.25,18.719999999999974,0.0
29.568,-2.16,18.719999999999974,0.0
29.6,-2.0700000000000003,18.719999999999974,0.0
29.632,-1.9800000000000002,18.719999999999974,0.0
29.664,-1.8900000000000001,18.719999999999974,0.0
29.696,-1.8,18.719999999999974,0.0
29.728,-1.71,18.719999999999974,0.0
29.76,-1.6199999999999999,18.719999999999974,0.0
29.792,-1.5299999999999998,18.719999999999974,0.0
29.824,-1.4399999999999997,18.719999999999974,0.0
29.856,-1.3499999999999996,18.719999999999974,0.0
29.888,-1.2599999999999996,18.719999999999974,0.0
29.92,-1.1699999999999995,18.719999999999974,0.0
29.952,-1.0799999999999994,18.719999999999974,0.0
29.984,-0.9899999999999994,18.719999999999974,0.0
30.016000000000002,-0.8999999999999995,18.719999999999974,0.0
30.048000000000002,-0.8099999999999995,18.719999999999974,0.0
30.080000000000002,-0.7199999999999995,18.719999999999974,0.0
30.112000000000002,-0.6299999999999996,18.719999999999974,0.0
30.144000000000002,-0.5399999999999996,18.719999999999974,0.0
30.176000000000002,-0.4499999999999996,18.719999999999974,0.0
30.208000000000002,-0.35999999999999965,18.719999999999974,0.0
30.240000000000002,-0.2699999999999997,18.719999999999974,0.0
30.272000000000002,-0.1799999999999997,18.719999999999974,0.0
30.304000000000002,-0.08999999999999969,18.719999999999974,0.0
30.336000000000002,3.0531133177191805e-16,18.719999999999974,0.0
30.368000000000002,0.0900000000000003,18.719999999999974,0.0
30.400000000000002,0.1800000000000003,18.719999999999974,0.0
30.432000000000002,0.2700000000000003,18.719999999999974,0.0
30.464000000000002,0.3600000000000003,18.719999999999974,0.0
30.496000000000002,0.4500000000000003,18.719999999999974,0.0
30.528000000000002,0.5400000000000003,18.719999999999974,0.0
30.560000000000002,0.6300000000000002,18.719999999999974,0.0
30.592000000000002,0.7200000000000002,18.719999999999974,0.0
30.624000000000002,0.8100000000000002,18.719999999999974,0.0
30.656000000000002,0.9000000000000001,18.719999999999974,0.0
30.688000000000002,0.9000000000000001,18.629999999999974,0.0
30.72,0.9000000000000001,18.539999999999974,-1.57
30.752,0.9000000000000001,18.449999999999974,-1.57
30.784,0.9000000000000001,18.359999999999975,-1.57
30.816,0.9000000000000001,18.269999999999975,-1.57
30.848,0.9000000000000001,18.179999999999975,-1.57
30.88,0.9000000000000001,18.089999999999975,-1.57
30.912,0.9000000000000001,17.999999999999975,-1.57
30.944,0.9000000000000001,17.909999999999975,-1.57
30.976,0.9000000000000001,17.819999999999975,-1.57
31.008,0.9000000000000001,17.729999999999976,-1.57
31.04,0.9000000000000001,17.639999999999976,-1.57
31.072,0.9000000000000001,17.549999999999976,-1.57
31.104,0.9000000000000001,17.459999999999976,-1.57
31.136,0.9000000000000001,17.369999999999976,-1.57
31.168,0.9000000000000001,17.279999999999976,-1.57
31.2,0.9000000000000001,17.189999999999976,-1.57
31.232,0.9000000000000001,17.099999999999977,-1.57
31.264,0.9000000000000001,17.009999999999977,-1.57
31.296,0.9000000000000001,16.919999999999977,-1.57
31.328,0.9000000000000001,16.829999999999977,-1.57
31.36,0.9000000000000001,16.739999999999977,-1.57
31.392,0.9000000000000001,16.649999999999977,-1.57
31.424,0.9000000000000001,16.559999999999977,-1.57
31.456,0.9000000000000001,16.469999999999978,-1.57
31.488,0.9000000000000001,16.379999999999978,-1.57
31.52,0.9000000000000001,16.289999999999978,-1.57
31.552,0.9000000000000001,16.199999999999978,-1.57
31.584,0.9000000000000001,16.109999999999978,-1.57
31.616,0.9000000000000001,16.01999999999998,-1.57
31.648,0.9000000000000001,15.929999999999978,-1.57
31.68,0.9000000000000001,15.839999999999979,-1.57
31.712,0.9000000000000001,15.749999999999979,-1.57
31.744,0.9000000000000001,15.659999999999979,-1.57
31.776,0.9000000000000001,15.569999999999979,-1.57
31.808,0.9000000000000001,15.479999999999979,-1.57
31.84,0.9000000000000001,15.38999999999998,-1.57
31.872,0.9000000000000001,15.29999999999998,-1.57
31.904,0.9000000000000001,15.20999999999998,-1.57
31.936,0.9000000000000001,15.11999999999998,-1.57
31.968,0.9000000000000001,15.02999999999998,-1.57
32.0,0.9000000000000001,14.93999999999998,-1.57
32.032000000000004,0.9000000000000001,14.84999999999998,-1.57
32.064,0.9000000000000001,14.75999999999998,-1.57
32.096000000000004,0.9000000000000001,14.66999999999998,-1.57
32.128,0.9000000000000001,14.57999999999998,-1.57
32.160000000000004,0.9000000000000001,14.48999999999998,-1.57
32.192,0.9000000000000001,14.39999999999998,-1.57
32.224000000000004,0.9000000000000001,14.309999999999981,-1.57
32.256,0.9000000000000001,14.219999999999981,-1.57
32.288000000000004,0.9000000000000001,14.129999999999981,-1.57
32.32,0.9000000000000001,14.039999999999981,-1.57
32.352000000000004,0.9000000000000001,13.949999999999982,-1.57
32.384,0.9000000000000001,13.859999999999982,-1.57
32.416000000000004,0.9000000000000001,13.769999999999982,-1.57
32.448,0.9000000000000001,13.679999999999982,-1.57
32.480000000000004,0.9000000000000001,13.589999999999982,-1.57
32.512,0.9000000000000001,13.499999999999982,-1.57
32.544000000000004,0.9000000000000001,13.409999999999982,-1.57
32.576,0.9000000000000001,13.319999999999983,-1.57
32.608000000000004,0.9000000000000001,13.229999999999983,-1.57
32.64,0.9000000000000001,13.139999999999983,-1.57
32.672000000000004,0.9000000000000001,13.049999999999983,-1.57
32.704,0.9000000000000001,12.959999999999983,-1.57
32.736000000000004,0.9000000000000001,12.869999999999983,-1.57
32.768,0.9000000000000001,12.779999999999983,-1.57
32.8,0.9000000000000001,12.689999999999984,-1.57
32.832,0.9000000000000001,12.599999999999984,-1.57
32.864,0.9000000000000001,12.509999999999984,-1.57
32.896,0.9000000000000001,12.419999999999984,-1.57
32.928,0.9000000000000001,12.329999999999984,-1.57
32.96,0.9000000000000001,12.239999999999984,-1.57
32.992,0.9000000000000001,12.149999999999984,-1.57
33.024,0.9000000000000001,12.059999999999985,-1.57
33.056,0.9000000000000001,11.969999999999985,-1.57
33.088,0.9000000000000001,11.879999999999985,-1.57
33.12,0.9000000000000001,11.789999999999985,-1.57
33.152,0.9000000000000001,11.699999999999985,-1.57
33.184,0.9000000000000001,11.609999999999985,-1.57
33.216,0.9000000000000001,11.519999999999985,-1.57
33.248,0.9000000000000001,11.429999999999986,-1.57
33.28,0.9000000000000001,11.339999999999986,-1.57
33.312,0.9000000000000001,11.249999999999986,-1.57
33.344,0.9000000000000001,11.159999999999986,-1.57
33.376,0.9000000000000001,11.069999999999986,-1.57
33.408,0.9000000000000001,10.979999999999986,-1.57
33.44,0.9000000000000001,10.889999999999986,-1.57
33.472,0.9000000000000001,10.799999999999986,-1.57
33.504,0.9000000000000001,10.709999999999987,-1.57
33.536,0.9000000000000001,10.619999999999987,-1.57
33.568,0.9000000000000001,10.529999999999987,-1.57
33.6,0.9000000000000001,10.439999999999987,-1.57
33.632,0.9000000000000001,10.349999999999987,-1.57
33.664,0.9000000000000001,10.259999999999987,-1.57
33.696,0.9000000000000001,10.169999999999987,-1.57
33.728,0.9000000000000001,10.079999999999988,-1.57
33.76,0.9000000000000001,9.989999999999988,-1.57
33.792,0.9000000000000001,9.899999999999988,-1.57
33.824,0.9000000000000001,9.809999999999988,-1.57
33.856,0.9000000000000001,9.719999999999988,-1.57
33.888,0.9000000000000001,9.629999999999988,-1.57
33.92,0.9000000000000001,9.539999999999988,-1.57
33.952,0.9000000000000001,9.449999999999989,-1.57
33.984,0.9000000000000001,9.359999999999989,-1.57
34.016,0.9000000000000001,9.269999999999989,-1.57
34.048,0.9000000000000001,9.179999999999989,-1.57
34.08,0.9000000000000001,9.08999999999999,-1.57
34.112,0.9000000000000001,8.99999999999999,-1.57
34.144,0.9000000000000001,8.90999999999999,-1.57
34.176,0.9000000000000001,8.81999999999999,-1.57
34.208,0.9000000000000001,8.72999999999999,-1.57
34.24,0.9000000000000001,8.63999999999999,-1.57
34.272,0.9000000000000001,8.54999999999999,-1.57
34.304,0.9000000000000001,8.45999999999999,-1.57
34.336,0.9000000000000001,8.36999999999999,-1.57
34.368,0.9000000000000001,8.27999999999999,-1.57
34.4,0.9000000000000001,8.18999999999999,-1.57
34.432,0.9000000000000001,8.09999999999999,-1.57
34.464,0.9000000000000001,8.009999999999991,-1.57
34.496,0.9000000000000001,7.919999999999991,-1.57
34.528,0.9000000000000001,7.829999999999991,-1.57
34.56,0.9000000000000001,7.739999999999991,-1.57
34.592,0.9000000000000001,7.6499999999999915,-1.57
34.624,0.9000000000000001,7.559999999999992,-1.57
34.656,0.9000000000000001,7.469999999999992,-1.57
34.688,0.9000000000000001,7.379999999999992,-1.57
34.72,0.9000000000000001,7.289999999999992,-1.57
34.752,0.9000000000000001,7.199999999999992,-1.57
34.784,0.9000000000000001,7.109999999999992,-1.57
34.816,0.9000000000000001,7.0199999999999925,-1.57
34.848,0.9000000000000001,6.929999999999993,-1.57
34.88,0.9000000000000001,6.839999999999993,-1.57
34.912,0.9000000000000001,6.749999999999993,-1.57
34.944,0.9000000000000001,6.659999999999993,-1.57
34.976,0.9000000000000001,6.569999999999993,-1.57
35.008,0.9000000000000001,6.479999999999993,-1.57
35.04,0.9000000000000001,6.3899999999999935,-1.57
35.072,0.9000000000000001,6.299999999999994,-1.57
35.104,0.9000000000000001,6.209999999999994,-1.57
35.136,0.9000000000000001,6.119999999999994,-1.57
35.168,0.9000000000000001,6.029999999999994,-1.57
35.2,0.9000000000000001,5.939999999999994,-1.57
35.232,0.9000000000000001,5.849999999999994,-1.57
35.264,0.9000000000000001,5.7599999999999945,-1.57
35.296,0.9000000000000001,5.669999999999995,-1.57
35.328,0.9000000000000001,5.579999999999995,-1.57
35.36,0.9000000000000001,5.489999999999995,-1.57
35.392,0.9000000000000001,5.399999999999995,-1.57
35.424,0.9000000000000001,5.309999999999995,-1.57
35.456,0.9000000000000001,5.219999999999995,-1.57
35.488,0.9000000000000001,5.1299999999999955,-1.57
35.52,0.9000000000000001,5.039999999999996,-1.57
35.552,0.9000000000000001,4.949999999999996,-1.57
35.584,0.9000000000000001,4.859999999999996,-1.57
35.616,0.9000000000000001,4.769999999999996,-1.57
35.648,0.9000000000000001,4.679999999999996,-1.57
35.68,0.9000000000000001,4.589999999999996,-1.57
35.712,0.9000000000000001,4.4999999999999964,-1.57
35.744,0.9000000000000001,4.409999999999997,-1.57
35.776,0.9000000000000001,4.319999999999997,-1.57
35.808,0.9000000000000001,4.229999999999997,-1.57
35.84,0.9000000000000001,4.139999999999997,-1.57
35.872,0.9000000000000001,4.049999999999997,-1.57
35.904,0.9000000000000001,3.9599999999999973,-1.57
35.936,0.9000000000000001,3.8699999999999974,-1.57
35.968,0.9000000000000001,3.7799999999999976,-1.57
36.0,0.9000000000000001,3.6899999999999977,-1.57
36.032000000000004,0.9000000000000001,3.599999999999998,-1.57
36.064,0.9000000000000001,3.509999999999998,-1.57
36.096000000000004,0.9000000000000001,3.419999999999998,-1.57
36.128,0.9000000000000001,3.3299999999999983,-1.57
36.160000000000004,0.9000000000000001,3.2399999999999984,-1.57
36.192,0.9000000000000001,3.1499999999999986,-1.57
36.224000000000004,0.9000000000000001,3.0599999999999987,-1.57
36.256,0.9000000000000001,2.969999999999999,-1.57
36.288000000000004,0.9000000000000001,2.879999999999999,-1.57
36.32,0.9000000000000001,2.789999999999999,-1.57
36.352000000000004,0.9000000000000001,2.6999999999999993,-1.57
36.384,0.9000000000000001,2.6099999999999994,-1.57
36.416000000000004,0.9000000000000001,2.5199999999999996,-1.57
36.448,0.9000000000000001,2.4299999999999997,-1.57
36.480000000000004,0.9000000000000001,2.34,-1.57
36.512,0.9000000000000001,2.25,-1.57
36.544000000000004,0.9000000000000001,2.16,-1.57
36.576,0.9000000000000001,2.0700000000000003,-1.57
36.608000000000004,0.9000000000000001,1.9800000000000002,-1.57
36.64,0.9000000000000001,1.8900000000000001,-1.57
36.672000000000004,0.9000000000000001,1.8,-1.57
36.704,0.9000000000000001,1.71,-1.57
36.736000000000004,0.9000000000000001,1.6199999999999999,-1.57
36.768,0.9000000000000001,1.5299999999999998,-1.57
36.800000000000004,0.9000000000000001,1.4399999999999997,-1.57
36.832,0.9000000000000001,1.3499999999999996,-1.57
36.864000000000004,0.9000000000000001,1.2599999999999996,-1.57
36.896,0.9000000000000001,1.1699999999999995,-1.57
36.928,0.9000000000000001,1.0799999999999994,-1.57
36.96,0.9000000000000001,0.9899999999999994,-1.57
36.992,0.9000000000000001,0.8999999999999995,-1.57
37.024,0.9000000000000001,0.8099999999999995,-1.57
37.056,0.9000000000000001,0.7199999999999995,-1.57
37.088,0.9000000000000001,0.6299999999999996,-1.57
37.12,0.9000000000000001,0.5399999999999996,-1.57
37.152,0.9000000000000001,0.4499999999999996,-1.57
37.184,0.9000000000000001,0.35999999999999965,-1.57
37.216,0.9000000000000001,0.2699999999999997,-1.57
37.248,0.9000000000000001,0.1799999999999997,-1.57
37.28,0.9000000000000001,0.08999999999999969,-1.57
37.312,0.9000000000000001,-3.0531133177191805e-16,-1.57
37.344,0.9000000000000001,-0.0900000000000003,-1.57
37.376,0.9000000000000001,-0.1800000000000003,-1.57
37.408,0.9000000000000001,-0.2700000000000003,-1.57
37.44,0.9000000000000001,-0.3600000000000003,-1.57
37.472,0.9000000000000001,-0.4500000000000003,-1.57
37.504,0.9000000000000001,-0.5400000000000003,-1.57
37.536,0.9000000000000001,-0.6300000000000002,-1.57
37.568,0.9000000000000001,-0.7200000000000002,-1.57
37.6,0.9000000000000001,-0.8100000000000002,-1.57
37.632,0.9000000000000001,-0.9000000000000001,-1.57
37.664,0.9000000000000001,-0.9900000000000001,-1.57
37.696,0.9000000000000001,-1.08,-1.57
37.728,0.9000000000000001,-1.1700000000000002,-1.57
37.76,0.9000000000000001,-1.2600000000000002,-1.57
37.792,0.9000000000000001,-1.3500000000000003,-1.57
37.824,0.9000000000000001,-1.4400000000000004,-1.57
37.856,0.9000000000000001,-1.5300000000000005,-1.57
37.888,0.9000000000000001,-1.6200000000000006,-1.57
37.92,0.9000000000000001,-1.7100000000000006,-1.57
37.952,0.9000000000000001,-1.8000000000000007,-1.57
37.984,0.9000000000000001,-1.8900000000000008,-1.57
38.016,0.9000000000000001,-1.9800000000000009,-1.57
38.048,0.9000000000000001,-2.0700000000000007,-1.57
38.08,0.9000000000000001,-2.1600000000000006,-1.57
38.112,0.9000000000000001,-2.2500000000000004,-1.57
38.144,0.9000000000000001,-2.3400000000000003,-1.57
38.176,0.9000000000000001,-2.43,-1.57
38.208,0.9000000000000001,-2.52,-1.57
38.24,0.9000000000000001,-2.61,-1.57
38.272,0.9000000000000001,-2.6999999999999997,-1.57
38.304,0.9000000000000001,-2.7899999999999996,-1.57
38.336,0.9000000000000001,-2.8799999999999994,-1.57
38.368,0.9000000000000001,-2.9699999999999993,-1.57
38.4,0.9000000000000001,-3.059999999999999,-1.57
38.432,0.9000000000000001,-3.149999999999999,-1.57
38.464,0.9000000000000001,-3.239999999999999,-1.57
38.496,0.9000000000000001,-3.3299999999999987,-1.57
38.528,0.9000000000000001,-3.4199999999999986,-1.57
38.56,0.9000000000000001,-3.5099999999999985,-1.57
38.592,0.9000000000000001,-3.5999999999999983,-1.57
38.624,0.9000000000000001,-3.689999999999998,-1.57
38.656,0.9000000000000001,-3.779999999999998,-1.57
38.688,0.9000000000000001,-3.869999999999998,-1.57
38.72,0.9000000000000001,-3.9599999999999977,-1.57
38.752,0.9000000000000001,-4.049999999999998,-1.57
38.784,0.9000000000000001,-4.139999999999998,-1.57
38.816,0.9000000000000001,-4.229999999999998,-1.57
38.848,0.9000000000000001,-4.319999999999998,-1.57
38.88,0.9000000000000001,-4.4099999999999975,-1.57
38.912,0.9000000000000001,-4.499999999999997,-1.57
38.944,0.9000000000000001,-4.589999999999997,-1.57
38.976,0.9000000000000001,-4.679999999999997,-1.57
39.008,0.9000000000000001,-4.769999999999997,-1.57
39.04,0.9000000000000001,-4.859999999999997,-1.57
39.072,0.9000000000000001,-4.949999999999997,-1.57
39.104,0.9000000000000001,-5.0399999999999965,-1.57
39.136,0.9000000000000001,-5.129999999999996,-1.57
39.168,0.9000000000000001,-5.219999999999996,-1.57
39.2,0.9000000000000001,-5.309999999999996,-1.57
39.232,0.9000000000000001,-5.399999999999996,-1.57
39.264,0.9000000000000001,-5.489999999999996,-1.57
39.296,0.9000000000000001,-5.579999999999996,-1.57
39.328,0.9000000000000001,-5.6699999999999955,-1.57
39.36,0.9000000000000001,-5.759999999999995,-1.57
39.392,0.9000000000000001,-5.849999999999995,-1.57
39.424,0.9000000000000001,-5.939999999999995,-1.57
39.456,0.9000000000000001,-6.029999999999995,-1.57
39.488,0.9000000000000001,-6.119999999999995,-1.57
39.52,0.9000000000000001,-6.209999999999995,-1.57
39.552,0.9000000000000001,-6.2999999999999945,-1.57
39.584,0.9000000000000001,-6.389999999999994,-1.57
39.616,0.9000000000000001,-6.479999999999994,-1.57
39.648,0.9000000000000001,-6.569999999999994,-1.57
39.68,0.9000000000000001,-6.659999999999994,-1.57
39.712,0.9000000000000001,-6.749999999999994,-1.57
39.744,0.9000000000000001,-6.839999999999994,-1.57
39.776,0.9000000000000001,-6.9299999999999935,-1.57
39.808,0.9000000000000001,-7.019999999999993,-1.57
39.84,0.9000000000000001,-7.109999999999993,-1.57
39.872,0.9000000000000001,-7.199999999999993,-1.57
39.904,0.9000000000000001,-7.289999999999993,-1.57
39.936,0.9000000000000001,-7.379999999999993,-1.57
39.968,0.9000000000000001,-7.469999999999993,-1.57
40.0,0.9000000000000001,-7.5599999999999925,-1.57
40.032000000000004,0.9000000000000001,-7.649999999999992,-1.57
40.064,0.9000000000000001,-7.739999999999992,-1.57
40.096000000000004,0.9000000000000001,-7.829999999999992,-1.57
40.128,0.9000000000000001,-7.919999999999992,-1.57
40.160000000000004,0.9000000000000001,-8.009999999999993,-1.57
40.192,0.9000000000000001,-8.099999999999993,-1.57
40.224000000000004,0.9000000000000001,-8.189999999999992,-1.57
40.256,0.9000000000000001,-8.279999999999992,-1.57
40.288000000000004,0.9000000000000001,-8.369999999999992,-1.57
40.32,0.9000000000000001,-8.459999999999992,-1.57
40.352000000000004,0.9000000000000001,-8.549999999999992,-1.57
40.384,0.9000000000000001,-8.639999999999992,-1.57
40.416000000000004,0.9000000000000001,-8.729999999999992,-1.57
40.448,0.9000000000000001,-8.819999999999991,-1.57
40.480000000000004,0.9000000000000001,-8.909999999999991,-1.57
40.512,0.9000000000000001,-8.999999999999991,-1.57
40.544000000000004,0.9000000000000001,-9.089999999999991,-1.57
40.576,0.9000000000000001,-9.17999999999999,-1.57
40.608000000000004,0.9000000000000001,-9.26999999999999,-1.57
40.64,0.9000000000000001,-9.35999999999999,-1.57
40.672000000000004,0.9000000000000001,-9.44999999999999,-1.57
40.704,0.9000000000000001,-9.53999999999999,-1.57
40.736000000000004,0.9000000000000001,-9.62999999999999,-1.57
40.768,0.9000000000000001,-9.71999999999999,-1.57
40.800000000000004,0.9000000000000001,-9.80999999999999,-1.57
40.832,0.9000000000000001,-9.89999999999999,-1.57
40.864000000000004,0.9000000000000001,-9.98999999999999,-1.57
40.896,0.9000000000000001,-10.07999999999999,-1.57
40.928000000000004,0.9000000000000001,-10.16999999999999,-1.57
40.96,0.9000000000000001,-10.25999999999999,-1.57
40.992,0.9000000000000001,-10.349999999999989,-1.57
41.024,0.9000000000000001,-10.439999999999989,-1.57
41.056,0.9000000000000001,-10.529999999999989,-1.57
41.088,0.9000000000000001,-10.619999999999989,-1.57
41.12,0.9000000000000001,-10.709999999999988,-1.57
41.152,0.9000000000000001,-10.799999999999988,-1.57
41.184,0.9000000000000001,-10.889999999999988,-1.57
41.216,0.9000000000000001,-10.979999999999988,-1.57
41.248,0.9000000000000001,-11.069999999999988,-1.57
41.28,0.9000000000000001,-11.159999999999988,-1.57
41.312,0.9000000000000001,-11.249999999999988,-1.57
41.344,0.9000000000000001,-11.339999999999987,-1.57
41.376,0.9000000000000001,-11.429999999999987,-1.57
41.408,0.9000000000000001,-11.519999999999987,-1.57
41.44,0.9000000000000001,-11.609999999999987,-1.57
41.472,0.9000000000000001,-11.699999999999987,-1.57
41.504,0.9000000000000001,-11.789999999999987,-1.57
41.536,0.9000000000000001,-11.879999999999987,-1.57
41.568,0.9000000000000001,-11.969999999999986,-1.57
41.6,0.9000000000000001,-12.059999999999986,-1.57
41.632,0.9000000000000001,-12.149999999999986,-1.57
41.664,0.9000000000000001,-12.239999999999986,-1.57
41.696,0.9000000000000001,-12.329999999999986,-1.57
41.728,0.9000000000000001,-12.419999999999986,-1.57
41.76,0.9000000000000001,-12.509999999999986,-1.57
41.792,0.9000000000000001,-12.599999999999985,-1.57
41.824,0.9000000000000001,-12.689999999999985,-1.57
41.856,0.9000000000000001,-12.779999999999985,-1.57
41.888,0.9000000000000001,-12.869999999999985,-1.57
41.92,0.9000000000000001,-12.959999999999985,-1.57
41.952,0.9000000000000001,-13.049999999999985,-1.57
41.984,0.9000000000000001,-13.139999999999985,-1.57
42.016,0.9000000000000001,-13.229999999999984,-1.57
42.048,0.9000000000000001,-13.319999999999984,-1.57
42.08,0.9000000000000001,-13.409999999999984,-1.57
42.112,0.9000000000000001,-13.499999999999984,-1.57
42.144,0.9000000000000001,-13.589999999999984,-1.57
42.176,0.9000000000000001,-13.679999999999984,-1.57
42.208,0.9000000000000001,-13.769999999999984,-1.57
42.24,0.9000000000000001,-13.859999999999983,-1.57
42.272,0.9000000000000001,-13.949999999999983,-1.57
42.304,0.9000000000000001,-14.039999999999983,-1.57
42.336,0.9000000000000001,-14.129999999999983,-1.57
42.368,0.9000000000000001,-14.219999999999983,-1.57
42.4,0.9000000000000001,-14.309999999999983,-1.57
42.432,0.9000000000000001,-14.399999999999983,-1.57
42.464,0.9000000000000001,-14.489999999999982,-1.57
42.496,0.9000000000000001,-14.579999999999982,-1.57
42.528,0.9000000000000001,-14.669999999999982,-1.57
42.56,0.9000000000000001,-14.759999999999982,-1.57
42.592,0.9000000000000001,-14.849999999999982,-1.57
42.624,0.9000000000000001,-14.939999999999982,-1.57
42.656,0.9000000000000001,-15.029999999999982,-1.57
42.688,0.9000000000000001,-15.119999999999981,-1.57
42.72,0.9000000000000001,-15.209999999999981,-1.57
42.752,0.9000000000000001,-15.299999999999981,-1.57
42.784,0.9000000000000001,-15.389999999999981,-1.57
42.816,0.9000000000000001,-15.47999999999998,-1.57
42.848,0.9000000000000001,-15.56999999999998,-1.57
42.88,0.9000000000000001,-15.65999999999998,-1.57
42.912,0.9000000000000001,-15.74999999999998,-1.57
42.944,0.9000000000000001,-15.83999999999998,-1.57
42.976,0.9000000000000001,-15.92999999999998,-1.57
43.008,0.9000000000000001,-16.019999999999982,-1.57
43.04,0.9000000000000001,-16.10999999999998,-1.57
43.072,0.9000000000000001,-16.19999999999998,-1.57
43.104,0.9000000000000001,-16.28999999999998,-1.57
43.136,0.9000000000000001,-16.37999999999998,-1.57
43.168,0.9000000000000001,-16.46999999999998,-1.57
43.2,0.9000000000000001,-16.55999999999998,-1.57
43.232,0.9000000000000001,-16.64999999999998,-1.57
43.264,0.9000000000000001,-16.73999999999998,-1.57
43.296,0.9000000000000001,-16.82999999999998,-1.57
43.328,0.9000000000000001,-16.91999999999998,-1.57
43.36,0.9000000000000001,-17.00999999999998,-1.57
43.392,0.9000000000000001,-17.09999999999998,-1.57
43.424,0.9000000000000001,-17.18999999999998,-1.57
43.456,0.9000000000000001,-17.27999999999998,-1.57
43.488,0.9000000000000001,-17.36999999999998,-1.57
43.52,0.9000000000000001,-17.45999999999998,-1.57
43.552,0.9000000000000001,-17.54999999999998,-1.57
43.584,0.9000000000000001,-17.63999999999998,-1.57
43.616,0.9000000000000001,-17.72999999999998,-1.57
43.648,0.9000000000000001,-17.81999999999998,-1.57
43.68,0.9000000000000001,-17.90999999999998,-1.57
43.712,0.9000000000000001,-17.99999999999998,-1.57
43.744,0.9000000000000001,-18.08999999999998,-1.57
43.776,0.9000000000000001,-18.17999999999998,-1.57
43.808,0.9000000000000001,-18.26999999999998,-1.57
43.84,0.9000000000000001,-18.359999999999978,-1.57
43.872,0.9000000000000001,-18.449999999999978,-1.57
43.904,0.9000000000000001,-18.539999999999978,-1.57
43.936,0.9000000000000001,-18.629999999999978,-1.57
43.968,0.9000000000000001,-18.719999999999978,-1.57
44.0,0.9000000000000001,-18.809999999999977,-1.57
44.032000000000004,0.9000000000000001,-18.899999999999977,-1.57
44.064,0.9000000000000001,-18.989999999999977,-1.57
44.096000000000004,0.9000000000000001,-19.079999999999977,-1.57
44.128,0.9000000000000001,-19.169999999999977,-1.57
44.160000000000004,0.9000000000000001,-19.259999999999977,-1.57
44.192,0.9000000000000001,-19.349999999999977,-1.57
44.224000000000004,0.9000000000000001,-19.439999999999976,-1.57
44.256,0.9000000000000001,-19.529999999999976,-1.57
44.288000000000004,0.9000000000000001,-19.619999999999976,-1.57
44.32,0.9000000000000001,-19.709999999999976,-1.57
44.352000000000004,0.9000000000000001,-19.799999999999976,-1.57
44.384,0.9000000000000001,-19.889999999999976,-1.57
44.416000000000004,0.9000000000000001,-19.979999999999976,-1.57
44.448,0.9000000000000001,-20.069999999999975,-1.57
44.480000000000004,0.9000000000000001,-20.159999999999975,-1.57
44.512,0.9000000000000001,-20.249999999999975,-1.57
44.544000000000004,0.9000000000000001,-20.339999999999975,-1.57
44.576,0.9000000000000001,-20.429999999999975,-1.57
44.608000000000004,0.9000000000000001,-20.519999999999975,-1.57
44.64,0.9000000000000001,-20.609999999999975,-1.57
44.672000000000004,0.9000000000000001,-20.699999999999974,-1.57
44.704,0.9000000000000001,-20.789999999999974,-1.57
44.736000000000004,0.9000000000000001,-20.879999999999974,-1.57
44.768,0.9000000000000001,-20.969999999999974,-1.57
44.800000000000004,0.9000000000000001,-21.059999999999974,-1.57
44.832,0.9000000000000001,-21.149999999999974,-1.57
44.864000000000004,0.9000000000000001,-21.239999999999974,-1.57
44.896,0.9000000000000001,-21.329999999999973,-1.57
47.04,0.8100000000000002,-21.329999999999973,-1.57
47.072,0.7200000000000002,-21.329999999999973,3.14
47.104,0.7200000000000002,-21.239999999999974,3.14
47.136,0.7200000000000002,-21.149999999999974,1.57
47.168,0.7200000000000002,-21.059999999999974,1.57
47.2,0.7200000000000002,-20.969999999999974,1.57
47.232,0.7200000000000002,-20.879999999999974,1.57
47.264,0.7200000000000002,-20.789999999999974,1.57
47.296,0.7200000000000002,-20.699999999999974,1.57
47.328,0.7200000000000002,-20.609999999999975,1.57
47.36,0.7200000000000002,-20.519999999999975,1.57
47.392,0.7200000000000002,-20.429999999999975,1.57
47.424,0.7200000000000002,-20.339999999999975,1.57
47.456,0.7200000000000002,-20.249999999999975,1.57
47.488,0.7200000000000002,-20.159999999999975,1.57
47.52,0.7200000000000002,-20.069999999999975,1.57
47.552,0.7200000000000002,-19.979999999999976,1.57
47.584,0.7200000000000002,-19.889999999999976,1.57
47.616,0.7200000000000002,-19.799999999999976,1.57
47.648,0.7200000000000002,-19.709999999999976,1.57
47.68,0.7200000000000002,-19.619999999999976,1.57
47.712,0.7200000000000002,-19.529999999999976,1.57
47.744,0.7200000000000002,-19.439999999999976,1.57
47.776,0.7200000000000002,-19.349999999999977,1.57
47.808,0.7200000000000002,-19.259999999999977,1.57
47.84,0.7200000000000002,-19.169999999999977,1.57
47.872,0.7200000000000002,-19.079999999999977,1.57
47.904,0.7200000000000002,-18.989999999999977,1.57
47.936,0.7200000000000002,-18.899999999999977,1.57
47.968,0.7200000000000002,-18.809999999999977,1.57
48.0,0.7200000000000002,-18.719999999999978,1.57
48.032000000000004,0.7200000000000002,-18.629999999999978,1.57
48.064,0.7200000000000002,-18.539999999999978,1.57
48.096000000000004,0.7200000000000002,-18.449999999999978,1.57
48.128,0.7200000000000002,-18.359999999999978,1.57
48.160000000000004,0.7200000000000002,-18.26999999999998,1.57
48.192,0.7200000000000002,-18.17999999999998,1.57
48.224000000000004,0.7200000000000002,-18.08999999999998,1.57
48.256,0.7200000000000002,-17.99999999999998,1.57
48.288000000000004,0.7200000000000002,-17.90999999999998,1.57
48.32,0.7200000000000002,-17.81999999999998,1.57
48.352000000000004,0.7200000000000002,-17.72999999999998,1.57
48.384,0.7200000000000002,-17.63999999999998,1.57
48.416000000000004,0.7200000000000002,-17.54999999999998,1.57
48.448,0.7200000000000002,-17.45999999999998,1.57
48.480000000000004,0.7200000000000002,-17.36999999999998,1.57
48.512,0.7200000000000002,-17.27999999999998,1.57
48.544000000000004,0.7200000000000002,-17.18999999999998,1.57
48.576,0.7200000000000002,-17.09999999999998,1.57
48.608000000000004,0.7200000000000002,-17.00999999999998,1.57
48.64,0.7200000000000002,-16.91999999999998,1.57
48.672000000000004,0.7200000000000002,-16.82999999999998,1.57
48.704,0.7200000000000002,-16.73999999999998,1.57
48.736000000000004,0.7200000000000002,-16.64999999999998,1.57
48.768,0.7200000000000002,-16.55999999999998,1.57
48.800000000000004,0.7200000000000002,-16.46999999999998,1.57
48.832,0.7200000000000002,-16.37999999999998,1.57
48.864000000000004,0.7200000000000002,-16.28999999999998,1.57
48.896,0.7200000000000002,-16.19999999999998,1.57
48.928000000000004,0.7200000000000002,-16.10999999999998,1.57
48.96,0.7200000000000002,-16.019999999999982,1.57
48.992000000000004,0.7200000000000002,-15.929999999999982,1.57
49.024,0.7200000000000002,-15.839999999999982,1.57
49.056000000000004,0.7200000000000002,-15.749999999999982,1.57
49.088,0.7200000000000002,-15.659999999999982,1.57
49.120000000000005,0.7200000000000002,-15.569999999999983,1.57
49.152,0.7200000000000002,-15.479999999999983,1.57
49.184,0.7200000000000002,-15.389999999999983,1.57
49.216,0.7200000000000002,-15.299999999999983,1.57
49.248,0.7200000000000002,-15.209999999999983,1.57
49.28,0.7200000000000002,-15.119999999999983,1.57
49.312,0.7200000000000002,-15.029999999999983,1.57
49.344,0.7200000000000002,-14.939999999999984,1.57
49.376,0.7200000000000002,-14.849999999999984,1.57
49.408,0.7200000000000002,-14.759999999999984,1.57
49.44,0.7200000000000002,-14.669999999999984,1.57
49.472,0.7200000000000002,-14.579999999999984,1.57
49.504,0.7200000000000002,-14.489999999999984,1.57
49.536,0.7200000000000002,-14.399999999999984,1.57
49.568,0.7200000000000002,-14.309999999999985,1.57
49.6,0.7200000000000002,-14.219999999999985,1.57
49.632,0.7200000000000002,-14.129999999999985,1.57
49.664,0.7200000000000002,-14.039999999999985,1.57
49.696,0.7200000000000002,-13.949999999999985,1.57
49.728,0.7200000000000002,-13.859999999999985,1.57
49.76,0.7200000000000002,-13.769999999999985,1.57
49.792,0.7200000000000002,-13.679999999999986,1.57
49.824,0.7200000000000002,-13.589999999999986,1.57
49.856,0.7200000000000002,-13.499999999999986,1.57
49.888,0.7200000000000002,-13.409999999999986,1.57
49.92,0.7200000000000002,-13.319999999999986,1.57
49.952,0.7200000000000002,-13.229999999999986,1.57
49.984,0.7200000000000002,-13.139999999999986,1.57
50.016,0.7200000000000002,-13.049999999999986,1.57
50.048,0.7200000000000002,-12.959999999999987,1.57
50.08,0.7200000000000002,-12.869999999999987,1.57
50.112,0.7200000000000002,-12.779999999999987,1.57
50.144,0.7200000000000002,-12.689999999999987,1.57
50.176,0.7200000000000002,-12.599999999999987,1.57
50.208,0.7200000000000002,-12.509999999999987,1.57
50.24,0.7200000000000002,-12.419999999999987,1.57
50.272,0.7200000000000002,-12.329999999999988,1.57
50.304,0.7200000000000002,-12.239999999999988,1.57
50.336,0.7200000000000002,-12.149999999999988,1.57
50.368,0.7200000000000002,-12.059999999999988,1.57
50.4,0.7200000000000002,-11.969999999999988,1.57
50.432,0.7200000000000002,-11.879999999999988,1.57
50.464,0.7200000000000002,-11.789999999999988,1.57
50.496,0.7200000000000002,-11.699999999999989,1.57
50.528,0.7200000000000002,-11.609999999999989,1.57
50.56,0.7200000000000002,-11.519999999999989,1.57
50.592,0.7200000000000002,-11.429999999999989,1.57
50.624,0.7200000000000002,-11.33999999999999,1.57
50.656,0.7200000000000002,-11.24999999999999,1.57
50.688,0.7200000000000002,-11.15999999999999,1.57
50.72,0.7200000000000002,-11.06999999999999,1.57
50.752,0.7200000000000002,-10.97999999999999,1.57
50.784,0.7200000000000002,-10.88999999999999,1.57
50.816,0.7200000000000002,-10.79999999999999,1.57
50.848,0.7200000000000002,-10.70999999999999,1.57
50.88,0.7200000000000002,-10.61999999999999,1.57
50.912,0.7200000000000002,-10.52999999999999,1.57
50.944,0.7200000000000002,-10.43999999999999,1.57
50.976,0.7200000000000002,-10.34999999999999,1.57
51.008,0.7200000000000002,-10.259999999999991,1.57
51.04,0.7200000000000002,-10.169999999999991,1.57
51.072,0.7200000000000002,-10.079999999999991,1.57
51.104,0.7200000000000002,-9.989999999999991,1.57
51.136,0.7200000000000002,-9.899999999999991,1.57
51.168,0.7200000000000002,-9.809999999999992,1.57
51.2,0.7200000000000002,-9.719999999999992,1.57
51.232,0.7200000000000002,-9.629999999999992,1.57
51.264,0.7200000000000002,-9.539999999999992,1.57
51.296,0.7200000000000002,-9.449999999999992,1.57
51.328,0.7200000000000002,-9.359999999999992,1.57
51.36,0.7200000000000002,-9.269999999999992,1.57
51.392,0.7200000000000002,-9.179999999999993,1.57
51.424,0.7200000000000002,-9.089999999999993,1.57
51.456,0.7200000000000002,-8.999999999999993,1.57
51.488,0.7200000000000002,-8.909999999999993,1.57
51.52,0.7200000000000002,-8.819999999999993,1.57
51.552,0.7200000000000002,-8.729999999999993,1.57
51.584,0.7200000000000002,-8.639999999999993,1.57
51.616,0.7200000000000002,-8.549999999999994,1.57
51.648,0.7200000000000002,-8.459999999999994,1.57
51.68,0.7200000000000002,-8.369999999999994,1.57
51.712,0.7200000000000002,-8.279999999999994,1.57
51.744,0.7200000000000002,-8.189999999999994,1.57
51.776,0.7200000000000002,-8.099999999999994,1.57
51.808,0.7200000000000002,-8.009999999999994,1.57
51.84,0.7200000000000002,-7.919999999999995,1.57
51.872,0.7200000000000002,-7.829999999999995,1.57
51.904,0.7200000000000002,-7.739999999999995,1.57
51.936,0.7200000000000002,-7.649999999999995,1.57
51.968,0.7200000000000002,-7.559999999999995,1.57
52.0,0.7200000000000002,-7.469999999999995,1.57
52.032000000000004,0.7200000000000002,-7.3799999999999955,1.57
52.064,0.7200000000000002,-7.289999999999996,1.57
52.096000000000004,0.7200000000000002,-7.199999999999996,1.57
52.128,0.7200000000000002,-7.109999999999996,1.57
52.160000000000004,0.7200000000000002,-7.019999999999996,1.57
52.192,0.7200000000000002,-6.929999999999996,1.57
52.224000000000004,0.7200000000000002,-6.839999999999996,1.57
52.256,0.7200000000000002,-6.7499999999999964,1.57
52.288000000000004,0.7200000000000002,-6.659999999999997,1.57
52.32,0.7200000000000002,-6.569999999999997,1.57
52.352000000000004,0.7200000000000002,-6.479999999999997,1.57
52.384,0.7200000000000002,-6.389999999999997,1.57
52.416000000000004,0.7200000000000002,-6.299999999999997,1.57
52.448,0.7200000000000002,-6.209999999999997,1.57
52.480000000000004,0.7200000000000002,-6.119999999999997,1.57
52.512,0.7200000000000002,-6.029999999999998,1.57
52.544000000000004,0.7200000000000002,-5.939999999999998,1.57
52.576,0.7200000000000002,-5.849999999999998,1.57
52.608000000000004,0.7200000000000002,-5.759999999999998,1.57
52.64,0.7200000000000002,-5.669999999999998,1.57
52.672000000000004,0.7200000000000002,-5.579999999999998,1.57
52.704,0.7200000000000002,-5.489999999999998,1.57
52.736000000000004,0.7200000000000002,-5.399999999999999,1.57
52.768,0.7200000000000002,-5.309999999999999,1.57
52.800000000000004,0.7200000000000002,-5.219999999999999,1.57
52.832,0.7200000000000002,-5.129999999999999,1.57
52.864000000000004,0.7200000000000002,-5.039999999999999,1.57
52.896,0.7200000000000002,-4.949999999999999,1.57
52.928000000000004,0.7200000000000002,-4.859999999999999,1.57
52.96,0.7200000000000002,-4.77,1.57
52.992000000000004,0.7200000000000002,-4.68,1.57
53.024,0.7200000000000002,-4.59,1.57
53.056000000000004,0.7200000000000002,-4.5,1.57
53.088,0.7200000000000002,-4.41,1.57
53.120000000000005,0.7200000000000002,-4.32,1.57
53.152,0.7200000000000002,-4.23,1.57
53.184000000000005,0.7200000000000002,-4.140000000000001,1.57
53.216,0.7200000000000002,-4.050000000000001,1.57
53.248000000000005,0.7200000000000002,-3.960000000000001,1.57
53.28,0.7200000000000002,-3.870000000000001,1.57
53.312,0.7200000000000002,-3.780000000000001,1.57
53.344,0.7200000000000002,-3.6900000000000013,1.57
53.376,0.7200000000000002,-3.6000000000000014,1.57
53.408,0.7200000000000002,-3.5100000000000016,1.57
53.44,0.7200000000000002,-3.4200000000000017,1.57
53.472,0.7200000000000002,-3.330000000000002,1.57
53.504,0.7200000000000002,-3.240000000000002,1.57
53.536,0.7200000000000002,-3.150000000000002,1.57
53.568,0.7200000000000002,-3.0600000000000023,1.57
53.6,0.7200000000000002,-2.9700000000000024,1.57
53.632,0.7200000000000002,-2.8800000000000026,1.57
53.664,0.7200000000000002,-2.7900000000000027,1.57
53.696,0.7200000000000002,-2.700000000000003,1.57
53.728,0.7200000000000002,-2.610000000000003,1.57
53.76,0.7200000000000002,-2.520000000000003,1.57
53.792,0.7200000000000002,-2.4300000000000033,1.57
53.824,0.7200000000000002,-2.3400000000000034,1.57
53.856,0.7200000000000002,-2.2500000000000036,1.57
53.888,0.7200000000000002,-2.1600000000000037,1.57
53.92,0.7200000000000002,-2.070000000000004,1.57
53.952,0.7200000000000002,-1.9800000000000038,1.57
53.984,0.7200000000000002,-1.8900000000000037,1.57
54.016,0.7200000000000002,-1.8000000000000036,1.57
54.048,0.7200000000000002,-1.7100000000000035,1.57
54.08,0.7200000000000002,-1.6200000000000034,1.57
54.112,0.7200000000000002,-1.5300000000000034,1.57
54.144,0.7200000000000002,-1.4400000000000033,1.57
54.176,0.7200000000000002,-1.3500000000000032,1.57
54.208,0.7200000000000002,-1.2600000000000031,1.57
54.24,0.7200000000000002,-1.170000000000003,1.57
54.272,0.7200000000000002,-1.080000000000003,1.57
54.304,0.7200000000000002,-0.990000000000003,1.57
54.336,0.7200000000000002,-0.900000000000003,1.57
54.368,0.7200000000000002,-0.810000000000003,1.57
54.4,0.7200000000000002,-0.7200000000000031,1.57
54.432,0.7200000000000002,-0.6300000000000031,1.57
54.464,0.7200000000000002,-0.5400000000000031,1.57
54.496,0.7200000000000002,-0.4500000000000032,1.57
54.528,0.7200000000000002,-0.3600000000000032,1.57
54.56,0.7200000000000002,-0.27000000000000324,1.57
54.592,0.7200000000000002,-0.18000000000000324,1.57
54.624,0.7200000000000002,-0.09000000000000324,1.57
54.656,0.7200000000000002,-3.247402347028583e-15,1.57
54.688,0.7200000000000002,0.08999999999999675,1.57
54.72,0.7200000000000002,0.17999999999999675,1.57
54.752,0.7200000000000002,0.26999999999999674,1.57
54.784,0.7200000000000002,0.35999999999999677,1.57
54.816,0.7200000000000002,0.44999999999999674,1.57
54.848,0.7200000000000002,0.5399999999999967,1.57
54.88,0.7200000000000002,0.6299999999999967,1.57
54.912,0.7200000000000002,0.7199999999999966,1.57
54.944,0.7200000000000002,0.8099999999999966,1.57
54.976,0.7200000000000002,0.8999999999999966,1.57
55.008,0.7200000000000002,0.9899999999999965,1.57
55.04,0.7200000000000002,1.0799999999999965,1.57
55.072,0.7200000000000002,1.1699999999999966,1.57
55.104,0.7200000000000002,1.2599999999999967,1.57
55.136,0.7200000000000002,1.3499999999999968,1.57
55.168,0.7200000000000002,1.4399999999999968,1.57
55.2,0.7200000000000002,1.529999999999997,1.57
55.232,0.7200000000000002,1.619999999999997,1.57
55.264,0.7200000000000002,1.709999999999997,1.57
55.296,0.7200000000000002,1.7999999999999972,1.57
55.328,0.7200000000000002,1.8899999999999972,1.57
55.36,0.7200000000000002,1.9799999999999973,1.57
55.392,0.7200000000000002,2.069999999999997,1.57
55.424,0.7200000000000002,2.159999999999997,1.57
55.456,0.7200000000000002,2.249999999999997,1.57
55.488,0.7200000000000002,2.3399999999999967,1.57
55.52,0.7200000000000002,2.4299999999999966,1.57
55.552,0.7200000000000002,2.5199999999999965,1.57
55.584,0.7200000000000002,2.6099999999999963,1.57
55.616,0.7200000000000002,2.699999999999996,1.57
55.648,0.7200000000000002,2.789999999999996,1.57
55.68,0.7200000000000002,2.879999999999996,1.57
55.712,0.7200000000000002,2.9699999999999958,1.57
55.744,0.7200000000000002,3.0599999999999956,1.57
55.776,0.7200000000000002,3.1499999999999955,1.57
55.808,0.7200000000000002,3.2399999999999953,1.57
55.84,0.7200000000000002,3.329999999999995,1.57
55.872,0.7200000000000002,3.419999999999995,1.57
55.904,0.7200000000000002,3.509999999999995,1.57
55.936,0.7200000000000002,3.5999999999999948,1.57
55.968,0.7200000000000002,3.6899999999999946,1.57
56.0,0.7200000000000002,3.7799999999999945,1.57
56.032000000000004,0.7200000000000002,3.8699999999999943,1.57
56.064,0.7200000000000002,3.959999999999994,1.57
56.096000000000004,0.7200000000000002,4.0499999999999945,1.57
56.128,0.7200000000000002,4.139999999999994,1.57
56.160000000000004,0.7200000000000002,4.229999999999994,1.57
56.192,0.7200000000000002,4.319999999999994,1.57
56.224000000000004,0.7200000000000002,4.409999999999994,1.57
56.256,0.7200000000000002,4.499999999999994,1.57
56.288000000000004,0.7200000000000002,4.589999999999994,1.57
56.32,0.7200000000000002,4.6799999999999935,1.57
56.352000000000004,0.7200000000000002,4.769999999999993,1.57
56.384,0.7200000000000002,4.859999999999993,1.57
56.416000000000004,0.7200000000000002,4.949999999999993,1.57
56.448,0.7200000000000002,5.039999999999993,1.57
56.480000000000004,0.7200000000000002,5.129999999999993,1.57
56.512,0.7200000000000002,5.219999999999993,1.57
56.544000000000004,0.7200000000000002,5.3099999999999925,1.57
56.576,0.7200000000000002,5.399999999999992,1.57
56.608000000000004,0.7200000000000002,5.489999999999992,1.57
56.64,0.7200000000000002,5.579999999999992,1.57
56.672000000000004,0.7200000000000002,5.669999999999992,1.57
56.704,0.7200000000000002,5.759999999999992,1.57
56.736000000000004,0.7200000000000002,5.849999999999992,1.57
56.768,0.7200000000000002,5.9399999999999915,1.57
56.800000000000004,0.7200000000000002,6.029999999999991,1.57
56.832,0.7200000000000002,6.119999999999991,1.57
56.864000000000004,0.7200000000000002,6.209999999999991,1.57
56.896,0.7200000000000002,6.299999999999991,1.57
56.928000000000004,0.7200000000000002,6.389999999999991,1.57
56.96,0.7200000000000002,6.479999999999991,1.57
56.992000000000004,0.7200000000000002,6.5699999999999905,1.57
57.024,0.7200000000000002,6.65999999999999,1.57
57.056000000000004,0.7200000000000002,6.74999999999999,1.57
57.088,0.7200000000000002,6.83999999999999,1.57
57.120000000000005,0.7200000000000002,6.92999999999999,1.57
57.152,0.7200000000000002,7.01999999999999,1.57
57.184000000000005,0.7200000000000002,7.10999999999999,1.57
57.216,0.7200000000000002,7.1999999999999895,1.57
57.248000000000005,0.7200000000000002,7.289999999999989,1.57
57.28,0.7200000000000002,7.379999999999989,1.57
57.312000000000005,0.7200000000000002,7.469999999999989,1.57
57.344,0.7200000000000002,7.559999999999989,1.57
57.376,0.7200000000000002,7.649999999999989,1.57
57.408,0.7200000000000002,7.739999999999989,1.57
57.44,0.7200000000000002,7.8299999999999885,1.57
57.472,0.7200000000000002,7.919999999999988,1.57
57.504,0.7200000000000002,8.00999999999999,1.57
57.536,0.7200000000000002,8.099999999999989,1.57
57.568,0.7200000000000002,8.189999999999989,1.57
57.6,0.7200000000000002,8.279999999999989,1.57
57.632,0.7200000000000002,8.369999999999989,1.57
57.664,0.7200000000000002,8.459999999999988,1.57
57.696,0.7200000000000002,8.549999999999988,1.57
57.728,0.7200000000000002,8.639999999999988,1.57
57.76,0.7200000000000002,8.729999999999988,1.57
57.792,0.7200000000000002,8.819999999999988,1.57
57.824,0.7200000000000002,8.909999999999988,1.57
57.856,0.7200000000000002,8.999999999999988,1.57
57.888,0.7200000000000002,9.089999999999987,1.57
57.92,0.7200000000000002,9.179999999999987,1.57
57.952,0.7200000000000002,9.269999999999987,1.57
57.984,0.7200000000000002,9.359999999999987,1.57
58.016,0.7200000000000002,9.449999999999987,1.57
58.048,0.7200000000000002,9.539999999999987,1.57
58.08,0.7200000000000002,9.629999999999987,1.57
58.112,0.7200000000000002,9.719999999999986,1.57
58.144,0.7200000000000002,9.809999999999986,1.57
58.176,0.7200000000000002,9.899999999999986,1.57
58.208,0.7200000000000002,9.989999999999986,1.57
58.24,0.7200000000000002,10.079999999999986,1.57
58.272,0.7200000000000002,10.169999999999986,1.57
58.304,0.7200000000000002,10.259999999999986,1.57
58.336,0.7200000000000002,10.349999999999985,1.57
58.368,0.7200000000000002,10.439999999999985,1.57
58.4,0.7200000000000002,10.529999999999985,1.57
58.432,0.7200000000000002,10.619999999999985,1.57
58.464,0.7200000000000002,10.709999999999985,1.57
58.496,0.7200000000000002,10.799999999999985,1.57
58.528,0.7200000000000002,10.889999999999985,1.57
58.56,0.7200000000000002,10.979999999999984,1.57
58.592,0.7200000000000002,11.069999999999984,1.57
58.624,0.7200000000000002,11.159999999999984,1.57
58.656,0.7200000000000002,11.249999999999984,1.57
58.688,0.7200000000000002,11.339999999999984,1.57
58.72,0.7200000000000002,11.429999999999984,1.57
58.752,0.7200000000000002,11.519999999999984,1.57
58.784,0.7200000000000002,11.609999999999983,1.57
58.816,0.7200000000000002,11.699999999999983,1.57
58.848,0.7200000000000002,11.789999999999983,1.57
58.88,0.7200000000000002,11.879999999999983,1.57
58.912,0.7200000000000002,11.969999999999983,1.57
58.944,0.7200000000000002,12.059999999999983,1.57
58.976,0.7200000000000002,12.149999999999983,1.57
59.008,0.7200000000000002,12.239999999999982,1.57
59.04,0.7200000000000002,12.329999999999982,1.57
59.072,0.7200000000000002,12.419999999999982,1.57
59.104,0.7200000000000002,12.509999999999982,1.57
59.136,0.7200000000000002,12.599999999999982,1.57
59.168,0.7200000000000002,12.689999999999982,1.57
59.2,0.7200000000000002,12.779999999999982,1.57
59.232,0.7200000000000002,12.869999999999981,1.57
59.264,0.7200000000000002,12.959999999999981,1.57
59.296,0.7200000000000002,13.049999999999981,1.57
59.328,0.7200000000000002,13.139999999999981,1.57
59.36,0.7200000000000002,13.22999999999998,1.57
59.392,0.7200000000000002,13.31999999999998,1.57
59.424,0.7200000000000002,13.40999999999998,1.57
59.456,0.7200000000000002,13.49999999999998,1.57
59.488,0.7200000000000002,13.58999999999998,1.57
59.52,0.7200000000000002,13.67999999999998,1.57
59.552,0.7200000000000002,13.76999999999998,1.57
59.584,0.7200000000000002,13.85999999999998,1.57
59.616,0.7200000000000002,13.94999999999998,1.57
59.648,0.7200000000000002,14.03999999999998,1.57
59.68,0.7200000000000002,14.12999999999998,1.57
59.712,0.7200000000000002,14.21999999999998,1.57
59.744,0.7200000000000002,14.30999999999998,1.57
59.776,0.7200000000000002,14.399999999999979,1.57
59.808,0.7200000000000002,14.489999999999979,1.57
59.84,0.7200000000000002,14.579999999999979,1.57
59.872,0.7200000000000002,14.669999999999979,1.57
59.904,0.7200000000000002,14.759999999999978,1.57
59.936,0.7200000000000002,14.849999999999978,1.57
59.968,0.7200000000000002,14.939999999999978,1.57
60.0,0.7200000000000002,15.029999999999978,1.57
60.032000000000004,0.7200000000000002,15.119999999999978,1.57
60.064,0.7200000000000002,15.209999999999978,1.57
60.096000000000004,0.7200000000000002,15.299999999999978,1.57
60.128,0.7200000000000002,15.389999999999977,1.57
60.160000000000004,0.7200000000000002,15.479999999999977,1.57
60.192,0.7200000000000002,15.569999999999977,1.57
60.224000000000004,0.7200000000000002,15.659999999999977,1.57
60.256,0.7200000000000002,15.749999999999977,1.57
60.288000000000004,0.7200000000000002,15.839999999999977,1.57
60.32,0.7200000000000002,15.929999999999977,1.57
60.352000000000004,0.7200000000000002,16.01999999999998,1.57
60.384,0.7200000000000002,16.109999999999978,1.57
60.416000000000004,0.7200000000000002,16.199999999999978,1.57
60.448,0.7200000000000002,16.289999999999978,1.57
60.480000000000004,0.7200000000000002,16.379999999999978,1.57
60.512,0.7200000000000002,16.469999999999978,1.57
60.544000000000004,0.7200000000000002,16.559999999999977,1.57
60.576,0.7200000000000002,16.649999999999977,1.57
60.608000000000004,0.7200000000000002,16.739999999999977,1.57
60.64,0.7200000000000002,16.829999999999977,1.57
60.672000000000004,0.7200000000000002,16.919999999999977,1.57
60.704,0.7200000000000002,17.009999999999977,1.57
60.736000000000004,0.7200000000000002,17.099999999999977,1.57
60.768,0.7200000000000002,17.189999999999976,1.57
